,HIP
0,HIP_677
1,HIP_1067
2,HIP_2081
3,HIP_3092
4,HIP_3419
5,HIP_5447
6,HIP_6867
7,HIP_8903
8,HIP_9884
9,HIP_10064
10,HIP_13847
11,HIP_14135
12,HIP_17702
13,HIP_18246
14,HIP_18543
15,HIP_21421
16,HIP_23015
17,HIP_23685
18,HIP_23875
19,HIP_24436
20,HIP_25336
21,HIP_25428
22,HIP_25606
23,HIP_25930
24,HIP_25985
25,HIP_26241
26,HIP_26311
27,HIP_26451
28,HIP_26634
29,HIP_26727
30,HIP_27366
31,HIP_27628
32,HIP_27989
33,HIP_29655
34,HIP_30122
35,HIP_30324
36,HIP_30343
37,HIP_31681
38,HIP_32246
39,HIP_32349
40,HIP_33579
41,HIP_33856
42,HIP_33977
43,HIP_34444
44,HIP_35264
45,HIP_35904
46,HIP_36188
47,HIP_36377
48,HIP_36850
49,HIP_37279
50,HIP_37819
51,HIP_37826
52,HIP_38170
53,HIP_39429
54,HIP_39757
55,HIP_39953
56,HIP_43813
57,HIP_44816
58,HIP_45860
59,HIP_46390
60,HIP_47908
61,HIP_49669
62,HIP_50583
63,HIP_52727
64,HIP_52943
65,HIP_54872
66,HIP_57632
67,HIP_59316
68,HIP_59803
69,HIP_60965
70,HIP_61359
71,HIP_61932
72,HIP_61941
73,HIP_63090
74,HIP_63608
75,HIP_64962
76,HIP_65109
77,HIP_65474
78,HIP_67927
79,HIP_68002
80,HIP_68895
81,HIP_68933
82,HIP_69673
83,HIP_71352
84,HIP_71860
85,HIP_72105
86,HIP_72622
87,HIP_73273
88,HIP_73714
89,HIP_74785
90,HIP_76267
91,HIP_76297
92,HIP_77070
93,HIP_78265
94,HIP_78401
95,HIP_78820
96,HIP_79593
97,HIP_79882
98,HIP_80112
99,HIP_80763
100,HIP_80816
101,HIP_81266
102,HIP_81377
103,HIP_81693
104,HIP_82396
105,HIP_82514
106,HIP_83000
107,HIP_84012
108,HIP_84345
109,HIP_84380
110,HIP_85696
111,HIP_85792
112,HIP_85927
113,HIP_86032
114,HIP_86228
115,HIP_86670
116,HIP_86742
117,HIP_87073
118,HIP_87261
119,HIP_88635
120,HIP_89642
121,HIP_89931
122,HIP_89962
123,HIP_90185
124,HIP_90496
125,HIP_92855
126,HIP_93506
127,HIP_93747
128,HIP_93864
129,HIP_94141
130,HIP_95947
131,HIP_97278
132,HIP_97649
133,HIP_98337
134,HIP_100345
135,HIP_101772
136,HIP_102488
137,HIP_104732
138,HIP_106278
139,HIP_107315
140,HIP_107556
141,HIP_108085
142,HIP_109074
143,HIP_109268
144,HIP_112122
145,HIP_112158
146,HIP_113368
147,HIP_113881
148,HIP_113963
